order,sku_code,material_description,type,plant,system_status,order_qty,delivered_qty,confirmed_qty,unit,bsc_start,basic_fin
8503953,246968,OREO-SW-400GX24-ORI-CR,ZI01,CN01,REL PCNF PRC BCRQ EXTS GMPS MANC PDLV*,2067.0,75.0,25.0,CSE,2025-06-14 00:00:00.0000000,2025-06-14 00:00:00.0000000
8503995,246968,OREO-SW-400GX24-ORI-CR,ZI01,CN01,REL PRC BCRQ EXTS MANC SETC,5470.0,0.0,0.0,CSE,2025-06-14 00:00:00.0000000,2025-06-14 00:00:00.0000000
8504030,611237,OREO SDW BULK 3KG CHOCOLATE,ZI01,CN01,REL PRC BCRQ ERTR EXTS MANC SETC,14391.0,0.0,0.0,CSE,2025-06-14 00:00:00.0000000,2025-06-14 00:00:00.0000000
8503975,658352,MINI OREO CHOC. 55GX24,ZI01,CN01,REL PRC BCRQ EXTS MANC SETC,15572.0,0.0,0.0,CSE,2025-06-14 00:00:00.0000000,2025-06-14 00:00:00.0000000
8503977,658355,MINI OREO ORI 55GX24,ZI01,CN01,REL PCNF PRC BCRQ EXTS GMPS MANC PDLV*,43101.0,480.0,60.0,CSE,2025-06-12 00:00:00.0000000,2025-06-14 00:00:00.0000000
8503994,658359,MINI OREO STW 55GX24,ZI01,CN01,REL PRC BCRQ EXTS MANC SETC,15580.0,0.0,0.0,CSE,2025-06-13 00:00:00.0000000,2025-06-14 00:00:00.0000000
8504012,753770,OREO SDW BULK 3KG ORI,ZI01,CN01,REL PRC BCRQ ERTR EXTS MANC SETC,53401.0,0.0,0.0,CSE,2025-06-13 00:00:00.0000000,2025-06-14 00:00:00.0000000
8504039,753770,OREO SDW BULK 3KG ORI,ZI01,CN01,REL PRC BCRQ ERTR EXTS MANC SETC,3370.0,0.0,0.0,CSE,2025-06-14 00:00:00.0000000,2025-06-14 00:00:00.0000000
8504022,753774,OREO SDW BULK 3KG STRAW,ZI01,CN01,REL PCNF DLV PRC BCRQ ERTR EXTS GMPS*,3009.0,3038.0,3038.0,CSE,2025-06-09 00:00:00.0000000,2025-06-09 00:00:00.0000000
8503959,753774,OREO SDW BULK 3KG STRAW,ZI01,CN01,REL PRC BCRQ ERTR EXTS MANC SETC,420.0,0.0,0.0,CSE,2025-06-14 00:00:00.0000000,2025-06-14 00:00:00.0000000
8504004,753774,OREO SDW BULK 3KG STRAW,ZI01,CN01,REL PCNF PRC BCRQ ERTR EXTS GMPS MANC*,24840.0,20619.0,18619.0,CSE,2025-06-14 00:00:00.0000000,2025-06-14 00:00:00.0000000
8504003,788256,OREO 1 CRUMB 454GX24 DOMESTIC,ZI01,CN01,REL PRC BCRQ EXTS MANC SETC,804.0,0.0,0.0,CSE,2025-06-14 00:00:00.0000000,2025-06-14 00:00:00.0000000
8503987,850980,MINI OREO SDW 20GX5X4X6 ORI,ZI01,CN01,REL PCNF PRC BCRQ EXTS GMPS MANC PDLV*,3018.0,144.0,0.0,CSE,2025-06-14 00:00:00.0000000,2025-06-14 00:00:00.0000000
8503899,972003,OREO ICECREAM 3KG MATCHA BULK,ZI01,CN01,REL PRC BCRQ ERTR EXTS MANC SETC,1238.0,0.0,0.0,CSE,2025-06-14 00:00:00.0000000,2025-06-14 00:00:00.0000000
8503992,4029171,MINI OREO-ORIGINAL-BAG 55GX44-FS,ZI01,CN01,REL PRC BCRQ EXTS MANC SETC,1000.0,0.0,0.0,CSE,2025-06-14 00:00:00.0000000,2025-06-14 00:00:00.0000000
8504033,4043996,OREO SDW 349G X15 PORTION ORIGINAL,ZI01,CN01,REL PRC BCRQ ERTR EXTS MANC SETC,3591.0,0.0,0.0,CSE,2025-06-14 00:00:00.0000000,2025-06-14 00:00:00.0000000
8503940,4044015,OREO ICECREAM 97G X24 - MATCHA,ZI01,CN01,REL PRC BCRQ EXTS MANC SETC,10700.0,0.0,0.0,CSE,2025-06-14 00:00:00.0000000,2025-06-14 00:00:00.0000000
8503896,4044025,OREO ICECREAM 194G X24 - MATCHA,ZI01,CN01,REL PRC BCRQ EXTS MANC SETC,911.0,0.0,0.0,CSE,2025-06-14 00:00:00.0000000,2025-06-14 00:00:00.0000000
8503979,4082478,MINI OREO ORIGINAL FLAVER-BULK,ZI01,CN01,REL PRC BCRQ ERTR EXTS MANC SETC,3100.0,0.0,0.0,CSE,2025-06-14 00:00:00.0000000,2025-06-14 00:00:00.0000000
8502140,4082479,MINI OREO CHOCOFLAVER-BULK,ZI01,CN01,TECO PCNF DLV PRC BCRQ ERTR EXTS GMPS*,4500.0,4502.0,4502.0,CSE,2025-06-08 00:00:00.0000000,2025-06-09 00:00:00.0000000
8503956,4253665,OREO BASE CAKE CRUMB 8.5G,ZI01,CN01,REL PCNF PRC BCRQ ERTR EXTS GMPS MANC*,1130.0,40.0,0.0,CSE,2025-06-14 00:00:00.0000000,2025-06-14 00:00:00.0000000
8504000,4253665,OREO BASE CAKE CRUMB 8.5G,ZI01,CN01,REL PRC BCRQ ERTR EXTS MANC SETC,1190.0,0.0,0.0,CSE,2025-06-14 00:00:00.0000000,2025-06-14 00:00:00.0000000
8503981,4264864,MINI OREO VANILLA SDW 65G X10X6,ZI01,CN01,REL PRC BCRQ ERTR EXTS MANC SETC,3600.0,0.0,0.0,CSE,2025-06-14 00:00:00.0000000,2025-06-14 00:00:00.0000000
8503944,4281956,OREO SANDWICH CAKE VANILLA MILK 4PC,ZI01,CN01,REL PRC BCRQ ERTR EXTS MANC SETC,12022.0,0.0,0.0,CSE,2025-06-14 00:00:00.0000000,2025-06-14 00:00:00.0000000
8503990,4299104,RITZ BITS SDW CHEESE 6X(10X51G),ZI01,CN01,REL PRC BCRQ EXTS MANC SETC,4097.0,0.0,0.0,CSE,2025-06-14 00:00:00.0000000,2025-06-14 00:00:00.0000000
8504011,4304171,OREO VANILLA FAMILY PACK 24PCS,ZI01,CN01,REL PRC BCRQ EXTS MANC SETC,3472.0,0.0,0.0,CSE,2025-06-14 00:00:00.0000000,2025-06-14 00:00:00.0000000
8504037,4304171,OREO VANILLA FAMILY PACK 24PCS,ZI01,CN01,REL PRC BCRQ EXTS MANC SETC,1840.0,0.0,0.0,CSE,2025-06-14 00:00:00.0000000,2025-06-14 00:00:00.0000000
8503991,4304437,OREO BITS SANDWICH VANILLA 6BAGS 23,ZI01,CN01,REL PRC BCRQ EXTS MANC SETC,2660.0,0.0,0.0,CSE,2025-06-14 00:00:00.0000000,2025-06-14 00:00:00.0000000
8503960,4305120,OREO SDW 48.5G X48 ORIGINAL,ZI01,CN01,REL PRC BCRQ EXTS MANC SETC,7805.0,0.0,0.0,CSE,2025-06-14 00:00:00.0000000,2025-06-14 00:00:00.0000000
8504006,4305120,OREO SDW 48.5G X48 ORIGINAL,ZI01,CN01,REL PRC BCRQ EXTS MANC SETC,4423.0,0.0,0.0,CSE,2025-06-14 00:00:00.0000000,2025-06-14 00:00:00.0000000
8504028,4305120,OREO SDW 48.5G X48 ORIGINAL,ZI01,CN01,REL PRC BCRQ EXTS MANC SETC,14852.0,0.0,0.0,CSE,2025-06-14 00:00:00.0000000,2025-06-14 00:00:00.0000000
8504025,4305121,OREO SDW 48.5G X48 CHOCOLATE,ZI01,CN01,REL PRC BCRQ EXTS MANC SETC,16548.0,0.0,0.0,CSE,2025-06-14 00:00:00.0000000,2025-06-14 00:00:00.0000000
8503961,4305124,OREO SDW 97G X24 ORIGINAL,ZI01,CN01,REL PRC BCRQ EXTS MANC SETC,24458.0,0.0,0.0,CSE,2025-06-14 00:00:00.0000000,2025-06-14 00:00:00.0000000
8504007,4305124,OREO SDW 97G X24 ORIGINAL,ZI01,CN01,REL PRC BCRQ EXTS MANC SETC,2958.0,0.0,0.0,CSE,2025-06-14 00:00:00.0000000,2025-06-14 00:00:00.0000000
8504029,4305124,OREO SDW 97G X24 ORIGINAL,ZI01,CN01,REL PRC BCRQ EXTS MANC SETC,29901.0,0.0,0.0,CSE,2025-06-14 00:00:00.0000000,2025-06-14 00:00:00.0000000
8503999,4305125,OREO SDW 97G X24 - STRAWBERRY,ZI01,CN01,REL PCNF DLV PRC BCRQ EXTS GMPS MANC*,1816.0,1817.0,1817.0,CSE,2025-06-09 00:00:00.0000000,2025-06-09 00:00:00.0000000
8503955,4305125,OREO SDW 97G X24 - STRAWBERRY,ZI01,CN01,REL PCNF PRC BCRQ EXTS GMPS MANC PDLV*,9639.0,637.0,455.0,CSE,2025-06-14 00:00:00.0000000,2025-06-14 00:00:00.0000000
8504019,4305125,OREO SDW 97G X24 - STRAWBERRY,ZI01,CN01,REL PCNF PRC BCRQ EXTS GMPS MANC PDLV*,36023.0,12569.0,11308.0,CSE,2025-06-14 00:00:00.0000000,2025-06-14 00:00:00.0000000
8504024,4305126,OREO SDW 97G X24 CHOCOLATE,ZI01,CN01,REL PRC BCRQ EXTS MANC SETC,31288.0,0.0,0.0,CSE,2025-06-14 00:00:00.0000000,2025-06-14 00:00:00.0000000
8503964,4305127,OREO SDW 97G ORIGINAL FOR CVS,ZI01,CN01,REL PRC BCRQ EXTS MANC SETC,2650.0,0.0,0.0,CSE,2025-06-14 00:00:00.0000000,2025-06-14 00:00:00.0000000
8504035,4305128,OREO SDW 97G CHOCOLATE FOR CVS,ZI01,CN01,REL PRC BCRQ EXTS MANC SETC,3056.0,0.0,0.0,CSE,2025-06-14 00:00:00.0000000,2025-06-14 00:00:00.0000000
8503962,4305129,OREO SDW 97G X24 ORIGINAL MOUNTAIN,ZI01,CN01,REL PRC BCRQ EXTS MANC SETC,27917.0,0.0,0.0,CSE,2025-06-14 00:00:00.0000000,2025-06-14 00:00:00.0000000
8504008,4305129,OREO SDW 97G X24 ORIGINAL MOUNTAIN,ZI01,CN01,REL PRC BCRQ EXTS MANC SETC,1130.0,0.0,0.0,CSE,2025-06-14 00:00:00.0000000,2025-06-14 00:00:00.0000000
8503963,4305130,OREO SDW 97G X24 STRAWBERRY MOUNT,ZI01,CN01,REL PRC BCRQ EXTS MANC SETC,14026.0,0.0,0.0,CSE,2025-06-14 00:00:00.0000000,2025-06-14 00:00:00.0000000
8504023,4305131,OREO SDW 97G X24 CHOCOLATE MOUNT,ZI01,CN01,REL PRC BCRQ EXTS MANC SETC,19744.0,0.0,0.0,CSE,2025-06-14 00:00:00.0000000,2025-06-14 00:00:00.0000000
8503965,4305132,OREO SDW 97G STRAWBERRY FOR CVS,ZI01,CN01,REL PRC BCRQ EXTS MANC SETC,1605.0,0.0,0.0,CSE,2025-06-14 00:00:00.0000000,2025-06-14 00:00:00.0000000
8504032,4305141,OREO SDW 194G -ORIGINAL,ZI01,CN01,REL PRC BCRQ EXTS MANC SETC,6208.0,0.0,0.0,CSE,2025-06-14 00:00:00.0000000,2025-06-14 00:00:00.0000000
8503952,4305142,OREO SDW 194G X24 STRAWBERRY,ZI01,CN01,REL PRC BCRQ EXTS MANC SETC,2229.0,0.0,0.0,CSE,2025-06-14 00:00:00.0000000,2025-06-14 00:00:00.0000000
8504016,4305142,OREO SDW 194G X24 STRAWBERRY,ZI01,CN01,REL PCNF PRC BCRQ EXTS GMPS MANC PDLV*,2353.0,798.0,756.0,CSE,2025-06-14 00:00:00.0000000,2025-06-14 00:00:00.0000000
8504018,4305143,OREO SDW 194G X24 CHOCOLATE,ZI01,CN01,REL PRC BCRQ EXTS MANC SETC,3624.0,0.0,0.0,CSE,2025-06-14 00:00:00.0000000,2025-06-14 00:00:00.0000000
8503996,4305144,OREO SDW 388G X12 ORIGINAL,ZI01,CN01,REL PRC BCRQ EXTS MANC SETC,3421.0,0.0,0.0,CSE,2025-06-14 00:00:00.0000000,2025-06-14 00:00:00.0000000
8504017,4305144,OREO SDW 388G X12 ORIGINAL,ZI01,CN01,REL PRC BCRQ EXTS MANC SETC,1842.0,0.0,0.0,CSE,2025-06-14 00:00:00.0000000,2025-06-14 00:00:00.0000000
8503951,4305145,OREO SDW 388G X12 STRAWBERRY,ZI01,CN01,REL PCNF PRC BCRQ EXTS GMPS MANC PDLV*,1608.0,240.0,80.0,CSE,2025-06-14 00:00:00.0000000,2025-06-14 00:00:00.0000000
8504031,4305146,OREO SDW 388G X12 CHOCOLATE,ZI01,CN01,REL PRC BCRQ EXTS MANC SETC,1410.0,0.0,0.0,CSE,2025-06-14 00:00:00.0000000,2025-06-14 00:00:00.0000000
8503946,4305378,OREO SANDWICH CAKE VANILLA MILK 8PC 176G,ZI01,CN01,REL PRC BCRQ EXTS MANC SETC,2003.0,0.0,0.0,CSE,2025-06-14 00:00:00.0000000,2025-06-14 00:00:00.0000000
8503974,4306332,MINI OREO BOX 40G ORIGINAL,ZI01,CN01,REL PRC BCRQ EXTS MANC SETC,1525.0,0.0,0.0,CSE,2025-06-14 00:00:00.0000000,2025-06-14 00:00:00.0000000
8503954,4306733,OREO CRUMB 454GX24 MXBC CUSTOMIZED,ZI01,CN01,REL PCNF DLV PRC BCRQ EXTS GMPS MANC*,2462.0,2477.0,2477.0,CSE,2025-06-09 00:00:00.0000000,2025-06-09 00:00:00.0000000
8503998,4306733,OREO CRUMB 454GX24 MXBC CUSTOMIZED,ZI01,CN01,REL PRC BCRQ EXTS MANC SETC,19476.0,0.0,0.0,CSE,2025-06-12 00:00:00.0000000,2025-06-14 00:00:00.0000000
8504027,4307050,OREO CHOCOLATE FAMILY PACK 24PCS,ZI01,CN01,REL PRC BCRQ EXTS MANC SETC,6309.0,0.0,0.0,CSE,2025-06-14 00:00:00.0000000,2025-06-14 00:00:00.0000000
8504002,4310960,OREO SDW 582GX6 ORIGINAL OFFLINE,ZI01,CN01,REL PRC BCRQ EXTS MANC SETC,1625.0,0.0,0.0,CSE,2025-06-14 00:00:00.0000000,2025-06-14 00:00:00.0000000
8503957,4313009,OREO STRAWBERRY CREAM 10PCS,ZI01,CN01,REL PRC BCRQ EXTS MANC SETC,2000.0,0.0,0.0,CSE,2025-06-14 00:00:00.0000000,2025-06-14 00:00:00.0000000
8503897,4313934,OREO SDW 97G X24 CHEESE,ZI01,CN01,REL PCNF PRC BCRQ EXTS GMPS MANC PDLV*,12884.0,10590.0,9553.0,CSE,2025-06-14 00:00:00.0000000,2025-06-14 00:00:00.0000000
8503898,4313935,OREO SDW 194G X24 CHEESE,ZI01,CN01,REL PCNF PRC BCRQ EXTS GMPS MANC PDLV*,1738.0,1343.0,1263.0,CSE,2025-06-14 00:00:00.0000000,2025-06-14 00:00:00.0000000
8503971,4314384,MINI OREO CHEESE FLAVOR 55G,ZI01,CN01,REL PRC BCRQ EXTS MANC SETC,9578.0,0.0,0.0,CSE,2025-06-14 00:00:00.0000000,2025-06-14 00:00:00.0000000
8502150,4314595,OREO SDW CAKE PEANUT BUTTER 4PC 88G,ZI01,CN01,TECO PCNF DLV PRC BCRQ EXTS GMPS MANC*,3520.0,3556.0,3556.0,CSE,2025-06-08 00:00:00.0000000,2025-06-08 00:00:00.0000000
8502147,4314596,OREO SDW CAKE PEANUT BUTTER 8PC 176G,ZI01,CN01,TECO PCNF DLV PRC BCRQ EXTS GMPS MANC*,1671.0,2191.0,2191.0,CSE,2025-06-08 00:00:00.0000000,2025-06-09 00:00:00.0000000
8503943,4314598,OREO SDW CAKE ORANGE CHOCOLATE 4PC 88G,ZI01,CN01,REL PRC BCRQ EXTS MANC SETC,17809.0,0.0,0.0,CSE,2025-06-13 00:00:00.0000000,2025-06-14 00:00:00.0000000
8503997,4316009,OREO SDW BASE ORIGINAL 116G,ZI01,CN01,REL PRC BCRQ EXTS MANC SETC,1183.0,0.0,0.0,CSE,2025-06-14 00:00:00.0000000,2025-06-14 00:00:00.0000000
8503984,4316044,MINI OREO HAZELNUT CHOCO 120GX24,ZI01,CN01,REL PCNF PRC BCRQ EXTS GMPS MANC PDLV*,2550.0,2542.0,2519.0,CSE,2025-06-14 00:00:00.0000000,2025-06-14 00:00:00.0000000
8504009,4321395,OREO SDW COOKIE JAR 19X22X6,ZI01,CN01,REL PRC BCRQ EXTS MANC SETC,9884.0,0.0,0.0,CSE,2025-06-14 00:00:00.0000000,2025-06-14 00:00:00.0000000
8504026,4321595,OREO SDW 77.6G CHOCOLATE,ZI01,CN01,REL PRC BCRQ EXTS MANC SETC,13850.0,0.0,0.0,CSE,2025-06-14 00:00:00.0000000,2025-06-14 00:00:00.0000000
8504038,4321596,OREO SDW 77.6G STRAWBERRY,ZI01,CN01,REL PCNF PRC BCRQ EXTS GMPS MANC PDLV*,13866.0,5545.0,5153.0,CSE,2025-06-14 00:00:00.0000000,2025-06-14 00:00:00.0000000
8504015,4321597,OREO SDW 77.6G ORIGINAL,ZI01,CN01,REL PRC BCRQ EXTS MANC SETC,25227.0,0.0,0.0,CSE,2025-06-14 00:00:00.0000000,2025-06-14 00:00:00.0000000
8503967,4322211,OREO STRAWBERRY FAMILY PACK 24PCS 25,ZI01,CN01,REL PRC BCRQ EXTS MANC SETC,1997.0,0.0,0.0,CSE,2025-06-14 00:00:00.0000000,2025-06-14 00:00:00.0000000
8504013,4322211,OREO STRAWBERRY FAMILY PACK 24PCS 25,ZI01,CN01,REL PCNF PRC BCRQ EXTS GMPS MANC PDLV*,4991.0,4079.0,3664.0,CSE,2025-06-14 00:00:00.0000000,2025-06-14 00:00:00.0000000
8504005,4322212,OREO HALLOWEEN PACK VANILLA 24PCS 25,ZI01,CN01,REL PRC BCRQ EXTS MANC SETC,29944.0,0.0,0.0,CSE,2025-06-14 00:00:00.0000000,2025-06-14 00:00:00.0000000
8503972,30000055,CREAM MINI OREO CHOCOLATE,ZI01,CN01,REL PRC BCRQ MACM SETC,5755.411,0.0,0.0,KG,2025-06-14 00:00:00.0000000,2025-06-14 00:00:00.0000000
8503988,30000059,BASE CAKE MINI OREO,ZI01,CN01,REL PCNF PRC BCRQ GMPS MANC SETC,130416.97,0.0,111.0,KG,2025-06-09 00:00:00.0000000,2025-06-15 00:00:00.0000000
8503982,30000060,CREAM MINI OREO ORIGINAL,ZI01,CN01,REL PRC BCRQ MACM SETC,28710.621,0.0,0.0,KG,2025-06-13 00:00:00.0000000,2025-06-14 00:00:00.0000000
8504036,30000209,OREO SDW BASE CAKE(Blending),ZI01,CN01,REL PCNF PRC BCRQ GMPS MACM PDLV SETC,487923.099,35100.25,35470.25,KG,2025-06-10 00:00:00.0000000,2025-06-14 00:00:00.0000000
8503966,30000209,OREO SDW BASE CAKE(Blending),ZI01,CN01,REL PCNF PRC BCRQ GMPS MACM PDLV SETC,221408.145,20553.155,20553.155,KG,2025-06-11 00:00:00.0000000,2025-06-14 00:00:00.0000000
8504010,30000209,OREO SDW BASE CAKE(Blending),ZI01,CN01,REL PCNF PRC BCRQ GMPS MACM PDLV SETC,508231.007,42120.3,43076.3,KG,2025-06-11 00:00:00.0000000,2025-06-14 00:00:00.0000000
8503942,30000209,OREO SDW BASE CAKE(Blending),ZI01,CN01,REL PCNF PRC BCRQ GMPS MACM PDLV SETC,50375.42,17901.135,18353.135,KG,2025-06-14 00:00:00.0000000,2025-06-14 00:00:00.0000000
8503986,30000875,CREAM MINI OREO Strawberry,ZI01,CN01,REL PRC BCRQ MACM SETC,11586.29,0.0,0.0,KG,2025-06-14 00:00:00.0000000,2025-06-14 00:00:00.0000000
8503941,30013617,OREO MATCHA CREAM,ZI01,CN01,REL PRC BCRQ ERTR MACM SETC,9530.913,0.0,0.0,KG,2025-06-14 00:00:00.0000000,2025-06-15 00:00:00.0000000
8503989,30014405,BASE CAKE MINI RITZ,ZI01,CN01,REL PRC BCRQ ERTR MACM SETC,8587.722,0.0,0.0,KG,2025-06-14 00:00:00.0000000,2025-06-15 00:00:00.0000000
8503973,30014407,CREAM MINI RITZ CHESE,ZI01,CN01,REL PRC BCRQ ERTR MACM SETC,3949.098,0.0,0.0,KG,2025-06-14 00:00:00.0000000,2025-06-15 00:00:00.0000000
8503948,30014622,OREO- CAKE BASE- ORIGINAL FLAVOR- CAKE-C,ZI01,CN01,REL PRC BCRQ ERTR MACM SETC,12999.05,0.0,0.0,KG,2025-06-14 00:00:00.0000000,2025-06-15 00:00:00.0000000
8503949,30014624,OREO- FILLING-ORIGINAL FLAVOR- CAKE-CN L,ZI01,CN01,REL PRC BCRQ ERTR MACM SETC,8750.618,0.0,0.0,KG,2025-06-14 00:00:00.0000000,2025-06-15 00:00:00.0000000
8503980,30016770,MINI OREO LEMON SDW BASE CAKE,ZI01,CN01,REL PCNF DLV PRC BCRQ GMPS MACM SETC,5357.295,5469.794,5469.794,KG,2025-06-14 00:00:00.0000000,2025-06-15 00:00:00.0000000
8503976,30017232,CO-PACK MINI OREO SDW ORI 20G PPA,ZI01,CN01,REL PRC BCRQ MACM SETC,2433.0,0.0,0.0,CSE,2025-06-14 00:00:00.0000000,2025-06-14 00:00:00.0000000
8503895,30018025,OREO CHEESE SDW CREAM,ZI01,CN01,REL PCNF PRC BCRQ GMPS MACM PDLV SETC,11044.963,7686.434,7686.434,KG,2025-06-14 00:00:00.0000000,2025-06-15 00:00:00.0000000
8503993,30018050,MINI OREO CHEESE SDW CREAM,ZI01,CN01,REL PRC BCRQ MACM SETC,6998.655,0.0,0.0,KG,2025-06-14 00:00:00.0000000,2025-06-15 00:00:00.0000000
8503947,30018279,OREO SANDWICH CAKE CHOCOLATE FLAVOR BASE,ZI01,CN01,REL PRC BCRQ MACM SETC,23172.334,0.0,0.0,KG,2025-06-13 00:00:00.0000000,2025-06-15 00:00:00.0000000
8503945,30018280,OREO SANDWICH CAKE CHOCOLATE FLAVORCREAM,ZI01,CN01,REL PRC BCRQ MACM SETC,15599.017,0.0,0.0,KG,2025-06-14 00:00:00.0000000,2025-06-15 00:00:00.0000000
8503978,30018281,MINI OREO HAZELNUT CHOCOLATE FLAVORCREAM,ZI01,CN01,REL PCNF DLV PRC BCRQ GMPS MACM SETC,2083.35,2350.76,2350.76,KG,2025-06-14 00:00:00.0000000,2025-06-15 00:00:00.0000000
8503950,30019324,OREO SANDWICH CAKE CHOCOLATE 8PCS SFG,ZI01,CN01,REL PRC BCRQ MACM SETC,5985.0,0.0,0.0,CSE,2025-06-14 00:00:00.0000000,2025-06-15 00:00:00.0000000
8503985,30019426,MINI OREO STRA 20G SFG,ZI01,CN01,REL PRC BCRQ MACM SETC,6848.0,0.0,0.0,CSE,2025-06-14 00:00:00.0000000,2025-06-15 00:00:00.0000000
8503983,30019427,MINI OREO CHEESE 20G SFG,ZI01,CN01,REL PRC BCRQ MACM SETC,4064.0,0.0,0.0,CSE,2025-06-14 00:00:00.0000000,2025-06-15 00:00:00.0000000
8501611,30019486,AIR CAKE COCOA POWDER PRE-MIX,ZI01,CN01,REL PCNF PRC BCRQ GMPS MACM PDLV SETC,500000.0,8679.0,8679.0,KG,2025-06-11 00:00:00.0000000,2025-06-30 00:00:00.0000000
8501627,30019486,AIR CAKE COCOA POWDER PRE-MIX,ZI01,CN01,REL PRC BCRQ MACM SETC,500000.0,0.0,0.0,KG,2025-06-11 00:00:00.0000000,2025-06-30 00:00:00.0000000
8501628,30019486,AIR CAKE COCOA POWDER PRE-MIX,ZI01,CN01,REL PRC BCRQ MACM SETC,500000.0,0.0,0.0,KG,2025-06-11 00:00:00.0000000,2025-06-30 00:00:00.0000000
8503969,30019768,OREO SDW STRA. 388G SFG,ZI01,CN01,REL PRC BCRQ MACM SETC,604.0,0.0,0.0,CSE,2025-06-14 00:00:00.0000000,2025-06-15 00:00:00.0000000
8504041,30019768,OREO SDW STRA. 388G SFG,ZI01,CN01,REL PCNF PRC BCRQ GMPS MACM PDLV SETC,6740.0,1498.0,744.0,CSE,2025-06-14 00:00:00.0000000,2025-06-15 00:00:00.0000000
8504034,30019769,OREO SDW CHO.388G SFG,ZI01,CN01,REL PRC BCRQ MACM SETC,7262.0,0.0,0.0,CSE,2025-06-14 00:00:00.0000000,2025-06-15 00:00:00.0000000
8503968,30019770,OREO SDW ORIGINAL 388G SFG,ZI01,CN01,REL PRC BCRQ MACM SETC,3656.0,0.0,0.0,CSE,2025-06-14 00:00:00.0000000,2025-06-15 00:00:00.0000000
8504040,30019770,OREO SDW ORIGINAL 388G SFG,ZI01,CN01,REL PRC BCRQ MACM SETC,6143.0,0.0,0.0,CSE,2025-06-14 00:00:00.0000000,2025-06-15 00:00:00.0000000
8504001,SC101026,OREO ORIGINAL CREAM,ZI01,CN01,REL PRC BCRQ MACM SETC,157685.91,0.0,0.0,KG,2025-06-13 00:00:00.0000000,2025-06-15 00:00:00.0000000
8503958,SC101026,OREO ORIGINAL CREAM,ZI01,CN01,REL PCNF PRC BCRQ GMPS MACM PDLV SETC,53378.036,7146.987,7146.987,KG,2025-06-14 00:00:00.0000000,2025-06-15 00:00:00.0000000
8504020,SC101026,OREO ORIGINAL CREAM,ZI01,CN01,REL PRC BCRQ MACM SETC,69928.011,0.0,0.0,KG,2025-06-14 00:00:00.0000000,2025-06-15 00:00:00.0000000
8504021,SC101027,OREO CHOCOLATE CREAM,ZI01,CN01,REL PRC BCRQ MACM SETC,85896.958,0.0,0.0,KG,2025-06-14 00:00:00.0000000,2025-06-15 00:00:00.0000000
8503970,SC101134,OREO STRAWBERRY CREAM,ZI01,CN01,REL PRC BCRQ MACM SETC,27444.811,0.0,0.0,KG,2025-06-14 00:00:00.0000000,2025-06-15 00:00:00.0000000
8504014,SC101134,OREO STRAWBERRY CREAM,ZI01,CN01,REL PCNF PRC BCRQ GMPS MACM PDLV SETC,26866.352,17481.78,17481.78,KG,2025-06-14 00:00:00.0000000,2025-06-15 00:00:00.0000000
8504042,SC101134,OREO STRAWBERRY CREAM,ZI01,CN01,REL PCNF PRC BCRQ GMPS MACM PDLV SETC,43467.564,15082.683,15082.683,KG,2025-06-14 00:00:00.0000000,2025-06-15 00:00:00.0000000
8501608,SC901033,OREO ORIGINAL INPUT MEAL,ZI01,CN01,REL PRC BCRQ MACM SETC,50000.0,0.0,0.0,KG,2025-06-13 00:00:00.0000000,2025-06-30 00:00:00.0000000
8501621,SC901033,OREO ORIGINAL INPUT MEAL,ZI01,CN01,REL PRC BCRQ MACM SETC,50000.0,0.0,0.0,KG,2025-06-13 00:00:00.0000000,2025-06-30 00:00:00.0000000
8501622,SC901033,OREO ORIGINAL INPUT MEAL,ZI01,CN01,REL PCNF PRC BCRQ GMPS MACM PDLV SETC,50000.0,1886.0,0.0,KG,2025-06-13 00:00:00.0000000,2025-06-30 00:00:00.0000000
8501609,SC901034,OREO CHOCOLATE INPUT MEAL,ZI01,CN01,REL PRC BCRQ MACM SETC,50000.0,0.0,0.0,KG,2025-06-13 00:00:00.0000000,2025-06-30 00:00:00.0000000
8501623,SC901034,OREO CHOCOLATE INPUT MEAL,ZI01,CN01,REL PRC BCRQ MACM SETC,50000.0,0.0,0.0,KG,2025-06-13 00:00:00.0000000,2025-06-30 00:00:00.0000000
8501624,SC901034,OREO CHOCOLATE INPUT MEAL,ZI01,CN01,REL PCNF PRC BCRQ GMPS MACM PDLV SETC,50000.0,5159.0,0.0,KG,2025-06-13 00:00:00.0000000,2025-06-30 00:00:00.0000000
8503520,611237,OREO SDW BULK 3KG CHOCOLATE,ZI01,CN03,REL CRCR PCNF PRC BCRQ EXTS GMPS MANC*,32292.0,8320.0,15120.0,CSE,2025-06-09 00:00:00.0000000,2025-06-10 00:00:00.0000000
8503514,646814,TUC ORIGINAL 90G,ZI01,CN03,REL CRCR PRC BCRQ EXTS MANC PIGN SETC,3565.0,0.0,0.0,CSE,2025-06-14 00:00:00.0000000,2025-06-14 00:00:00.0000000
8503513,646833,TUC ORIGINAL 360G,ZI01,CN03,REL CRCR PRC BCRQ EXTS MANC PIGN SETC,460.0,0.0,0.0,CSE,2025-06-14 00:00:00.0000000,2025-06-14 00:00:00.0000000
8503515,646835,TUC ORIGINAL 900G,ZI01,CN03,REL CRCR PRC BCRQ EXTS MANC PIGN SETC,3126.0,0.0,0.0,CSE,2025-06-14 00:00:00.0000000,2025-06-14 00:00:00.0000000
8503512,646859,TUC ORIGINAL 3KG,ZI01,CN03,REL CRCR PRC BCRQ EXTS MANC PIGN SETC,1833.0,0.0,0.0,CSE,2025-06-14 00:00:00.0000000,2025-06-14 00:00:00.0000000
8503509,648733,CA! BASE CANDY BLAST BULK 3KG,ZI01,CN03,REL CRCR PRC BCRQ EXTS MANC PIGN SETC,20243.0,0.0,0.0,CSE,2025-06-14 00:00:00.0000000,2025-06-14 00:00:00.0000000
8503497,788426,CA!-COOKIE-3KG-ORI-PP,ZI01,CN03,REL CRCR PCNF PRC BCRQ EXTS GMPS MANC*,24466.0,7106.0,14031.0,CSE,2025-06-09 00:00:00.0000000,2025-06-10 00:00:00.0000000
8503511,969585,CA! CANDY BLAST 85G,ZI01,CN03,REL CRCR PRC BCRQ EXTS MANC PIGN SETC,45990.0,0.0,0.0,CSE,2025-06-13 00:00:00.0000000,2025-06-14 00:00:00.0000000
8503498,970709,CA! BASE COFFEE BULK 3KG,ZI01,CN03,REL CRCR PRC BCRQ EXTS MANC PIGN SETC,5814.0,0.0,0.0,CSE,2025-06-14 00:00:00.0000000,2025-06-14 00:00:00.0000000
8503522,4043995,OREO SDW 349G X15 PORTION CHOCOLATE,ZI01,CN03,REL CRCR PCNF PRC BCRQ EXTS GMPS MANC*,1524.0,378.0,0.0,CSE,2025-06-09 00:00:00.0000000,2025-06-14 00:00:00.0000000
8503529,4044020,OREO SDW BIRTHDAY CAKE 97G X24,ZI01,CN03,REL CRCR PRC BCRQ EXTS MANC PIGN SETC,11549.0,0.0,0.0,CSE,2025-06-14 00:00:00.0000000,2025-06-14 00:00:00.0000000
8503932,4075052,OREO CRUMBS 13KG CN,ZI01,CN03,REL CRCR PRC CSER BCRQ EXTS MANC PIGN*,745.0,0.0,0.0,CSE,2025-06-14 00:00:00.0000000,2025-06-14 00:00:00.0000000
8503500,4262056,CA! BASE COFFEE COOKIE 170GX24,ZI01,CN03,REL CRCR PRC BCRQ EXTS MANC PIGN SETC,800.0,0.0,0.0,CSE,2025-06-14 00:00:00.0000000,2025-06-14 00:00:00.0000000
8503508,4262057,CA! BASE CHOCOLATE COOKIE 170GX24,ZI01,CN03,REL CRCR PRC BCRQ EXTS MANC PIGN SETC,2500.0,0.0,0.0,CSE,2025-06-14 00:00:00.0000000,2025-06-14 00:00:00.0000000
8503502,4262076,CA! BASE COFFEE COOKIE 340GX12,ZI01,CN03,REL CRCR PRC BCRQ EXTS MANC PIGN SETC,486.0,0.0,0.0,CSE,2025-06-14 00:00:00.0000000,2025-06-14 00:00:00.0000000
8503506,4262077,CA! BASE CHOCOLATE COOKIE 340GX12,ZI01,CN03,REL CRCR PCNF PRC BCRQ EXTS GMPS MANC*,2800.0,2541.0,2.199,CSE,2025-06-09 00:00:00.0000000,2025-06-09 00:00:00.0000000
8503503,4262081,CA! BASE CANDY BLAST COOKIE 340GX12,ZI01,CN03,REL CRCR PRC BCRQ EXTS MANC PIGN SETC,1872.0,0.0,0.0,CSE,2025-06-14 00:00:00.0000000,2025-06-14 00:00:00.0000000
8503526,4302208,OREO THIN 190G NEW STRAWBERRY,ZI01,CN03,REL CRCR PRC BCRQ EXTS MANC PIGN SETC,868.0,0.0,0.0,CSE,2025-06-14 00:00:00.0000000,2025-06-14 00:00:00.0000000
8503530,4302210,OREO THIN 190G VANILLA CRUMB,ZI01,CN03,REL CRCR PRC BCRQ EXTS MANC PIGN SETC,1155.0,0.0,0.0,CSE,2025-06-14 00:00:00.0000000,2025-06-14 00:00:00.0000000
8503528,4302212,OREO THIN 95G VANILLA CRUMB,ZI01,CN03,REL CRCR PRC BCRQ EXTS MANC PIGN SETC,11101.0,0.0,0.0,CSE,2025-06-14 00:00:00.0000000,2025-06-14 00:00:00.0000000
8503534,4302213,OREO THIN 95G NEW STRAWBERRY,ZI01,CN03,REL CRCR PRC BCRQ EXTS MANC PIGN SETC,13909.0,0.0,0.0,CSE,2025-06-14 00:00:00.0000000,2025-06-14 00:00:00.0000000
8501844,4305121,OREO SDW 48.5G X48 CHOCOLATE,ZI01,CN03,REL CRCR PCNF DLV PRC BCRQ EXTS GMPS*,9712.0,9712.0,22609.536,CSE,2025-06-08 00:00:00.0000000,2025-06-09 00:00:00.0000000
8503523,4305121,OREO SDW 48.5G X48 CHOCOLATE,ZI01,CN03,REL CRCR PCNF PRC BCRQ EXTS GMPS MANC*,11552.0,4462.0,8448.312,CSE,2025-06-09 00:00:00.0000000,2025-06-14 00:00:00.0000000
8501845,4305126,OREO SDW 97G X24 CHOCOLATE,ZI01,CN03,REL CRCR PCNF DLV PRC BCRQ EXTS GMPS*,21290.0,21290.0,49684.176,CSE,2025-06-08 00:00:00.0000000,2025-06-09 00:00:00.0000000
8503525,4305126,OREO SDW 97G X24 CHOCOLATE,ZI01,CN03,REL CRCR PCNF PRC BCRQ EXTS GMPS MANC*,63898.0,17563.0,29446.872,CSE,2025-06-09 00:00:00.0000000,2025-06-14 00:00:00.0000000
8503524,4305131,OREO SDW 97G X24 CHOCOLATE MOUNT,ZI01,CN03,REL CRCR PCNF PRC BCRQ EXTS GMPS MANC*,1502.0,1456.0,0.0,CSE,2025-06-09 00:00:00.0000000,2025-06-14 00:00:00.0000000
8501692,4305143,OREO SDW 194G X24 CHOCOLATE,ZI01,CN03,REL CRCR PCNF DLV PRC BCRQ EXTS GMPS*,727.0,727.0,3757.392,CSE,2025-06-08 00:00:00.0000000,2025-06-09 00:00:00.0000000
8503517,4305143,OREO SDW 194G X24 CHOCOLATE,ZI01,CN03,REL CRCR PCNF PRC BCRQ EXTS GMPS MANC*,7613.0,1021.0,1960.176,CSE,2025-06-09 00:00:00.0000000,2025-06-14 00:00:00.0000000
8501698,4305146,OREO SDW 388G X12 CHOCOLATE,ZI01,CN03,REL CRCR PCNF DLV PRC BCRQ EXTS GMPS*,395.0,399.0,1857.744,CSE,2025-06-08 00:00:00.0000000,2025-06-09 00:00:00.0000000
8503521,4305146,OREO SDW 388G X12 CHOCOLATE,ZI01,CN03,REL CRCR PRC BCRQ EXTS MANC PIGN SETC,1289.0,0.0,0.0,CSE,2025-06-14 00:00:00.0000000,2025-06-14 00:00:00.0000000
8503510,4306225,CHIPS AHOY CHOCOLATE COOKIES 85G X 24-HK,ZI01,CN03,REL CRCR PCNF DLV PRC BCRQ EXTS GMPS*,700.0,864.0,0.8639999999999999,CSE,2025-06-09 00:00:00.0000000,2025-06-09 00:00:00.0000000
8503499,4306345,CA!-COOKIE-85GX24-ORI-SP,ZI01,CN03,REL CRCR PCNF PRC BCRQ EXTS GMPS MANC*,42390.0,8320.0,5.2,CSE,2025-06-09 00:00:00.0000000,2025-06-10 00:00:00.0000000
8503507,4306346,CA!-COOKIE-85GX24-COF-SP,ZI01,CN03,REL CRCR PRC BCRQ EXTS MANC PIGN SETC,8192.0,0.0,0.0,CSE,2025-06-14 00:00:00.0000000,2025-06-14 00:00:00.0000000
8503121,4309478,OREO SDW 291GX12 ORIGINAL,ZI01,CN03,REL CRCR PCNF PRC BCRQ EXTS GMPS MANC*,475.0,466.0,475.0,CSE,2025-06-09 00:00:00.0000000,2025-06-14 00:00:00.0000000
8503504,30000416,BASE CAKE CA! CANDY BLAST,ZI01,CN03,REL CRCR PRC BCRQ MACM PIGN SETC,162186.36,0.0,0.0,KG,2025-06-13 00:00:00.0000000,2025-06-15 00:00:00.0000000
8503531,30000426,Cream Oreo Birthday Cake,ZI01,CN03,REL CRCR PRC BCRQ MACM PIGN SETC,7796.961,0.0,0.0,KG,2025-06-14 00:00:00.0000000,2025-06-15 00:00:00.0000000
8503516,30000930,SFG TUC Origianl Biscuit,ZI01,CN03,REL CRCR PRC BCRQ MACM PIGN SETC,42827.4,0.0,0.0,KG,2025-06-13 00:00:00.0000000,2025-06-15 00:00:00.0000000
8503532,30014522,OREO THIN STRAWBERRY CREAM,ZI01,CN03,REL CRCR PRC BCRQ MACM PIGN SETC,11592.945,0.0,0.0,KG,2025-06-14 00:00:00.0000000,2025-06-15 00:00:00.0000000
8503535,30014523,OREO THIN BASECAKE,ZI01,CN03,REL CRCR PRC BCRQ MACM PIGN SETC,44717.184,0.0,0.0,KG,2025-06-14 00:00:00.0000000,2025-06-15 00:00:00.0000000
8503533,30014525,OREO THIN VANILLA CREAM,ZI01,CN03,REL CRCR PRC BCRQ MACM PIGN SETC,9937.551,0.0,0.0,KG,2025-06-14 00:00:00.0000000,2025-06-15 00:00:00.0000000
8503501,30018206,BASE CAKE CA！ ORI,ZI01,CN03,REL CRCR PCNF PRC BCRQ GMPS MACM PIGN*,182925.6,0.0,127.0,KG,2025-06-12 00:00:00.0000000,2025-06-15 00:00:00.0000000
8503505,SC100200,BASE CAKE CA! CFEE,ZI01,CN03,REL CRCR PRC BCRQ MACM PIGN SETC,39400.56,0.0,0.0,KG,2025-06-14 00:00:00.0000000,2025-06-15 00:00:00.0000000
8503518,SC100651,BASE CAKE OREO,ZI01,CN03,REL CRCR PCNF PRC BCRQ GMPS MACM PDLV*,231066.737,4040.0,4040.0,KG,2025-06-12 00:00:00.0000000,2025-06-15 00:00:00.0000000
8503527,SC100651,BASE CAKE OREO,ZI01,CN03,REL CRCR PRC BCRQ MACM PIGN SETC,19089.111,0.0,0.0,KG,2025-06-14 00:00:00.0000000,2025-06-15 00:00:00.0000000
8503519,SC101027,OREO CHOCOLATE CREAM,ZI01,CN03,REL CRCR PRC BCRQ MACM PIGN SETC,94379.37100000001,0.0,0.0,KG,2025-06-12 00:00:00.0000000,2025-06-15 00:00:00.0000000
8503463,244308,PSODA-BASE-3KG-SAL-PP,ZI01,CN07,REL PRC BCRQ CRFI EXTS MANC PIGN SETC,2562.0,0.0,0.0,CSE,2025-06-14 00:00:00.0000000,2025-06-14 00:00:00.0000000
8503470,244310,PSODA-BASE-3KG-ONI-PP,ZI01,CN07,REL PRC BCRQ CRFI EXTS MANC PIGN SETC,1994.0,0.0,0.0,CSE,2025-06-14 00:00:00.0000000,2025-06-14 00:00:00.0000000
8503464,244336,PSODA-BASE-400GX12-SAL-FP,ZI01,CN07,REL PRC BCRQ CRFI EXTS MANC PIGN SETC,8112.0,0.0,0.0,CSE,2025-06-14 00:00:00.0000000,2025-06-14 00:00:00.0000000
8503468,244338,PSODA-BASE-400GX12-SES-FP,ZI01,CN07,REL PRC BCRQ CRFI EXTS MANC PIGN SETC,3172.0,0.0,0.0,CSE,2025-06-14 00:00:00.0000000,2025-06-14 00:00:00.0000000
8503466,244340,PSODA-BASE-400GX12-SEA-FP,ZI01,CN07,REL PRC BCRQ CRFI EXTS MANC PIGN SETC,3800.0,0.0,0.0,CSE,2025-06-14 00:00:00.0000000,2025-06-14 00:00:00.0000000
8503471,244344,PSODA-BASE-400GX12-ONI-FP,ZI01,CN07,REL PCNF PRC BCRQ CRFI EXTS GMPS MANC*,8208.0,2853.0,7857.6,CSE,2025-06-09 00:00:00.0000000,2025-06-14 00:00:00.0000000
8503422,647523,CA!CHUNKY COOKIECHOCOLATE FLAVOR72G,ZI01,CN07,REL PRC BCRQ CRFI EXTS GMPS MANC PDLV*,15126.0,544.0,0.0,CSE,2025-06-14 00:00:00.0000000,2025-06-14 00:00:00.0000000
8503437,648728,OREO-SW-BULK 3KG BD CAKE,ZI01,CN07,REL PCNF PRC BCRQ CRFI EXTS GMPS MANC*,7706.0,6558.0,8727.0,CSE,2025-06-09 00:00:00.0000000,2025-06-14 00:00:00.0000000
8503444,648729,OREO DF 3KG GRAPE+PEACH BULK,ZI01,CN07,REL PRC BCRQ CRFI EXTS MANC PIGN SETC,15134.0,0.0,0.0,CSE,2025-06-14 00:00:00.0000000,2025-06-14 00:00:00.0000000
8503386,648730,CA! CHUNKY COOKIE BULK ORI FLAVOR,ZI01,CN07,REL PCNF DLV PRC BCRQ EXTS GMPS MANC*,8569.0,8090.0,17340.0,CSE,2025-06-09 00:00:00.0000000,2025-06-14 00:00:00.0000000
8503423,648730,CA! CHUNKY COOKIE BULK ORI FLAVOR,ZI01,CN07,REL PRC BCRQ CRFI EXTS MANC PIGN SETC,5550.0,0.0,0.0,CSE,2025-06-14 00:00:00.0000000,2025-06-14 00:00:00.0000000
8503448,753774,OREO SDW BULK 3KG STRAW,ZI01,CN07,REL PRC BCRQ CRFI EXTS MANC PIGN SETC,4800.0,0.0,0.0,CSE,2025-06-14 00:00:00.0000000,2025-06-14 00:00:00.0000000
8503465,763982,PACIFIC SODA-100GX24-SALT-SP,ZI01,CN07,REL PRC BCRQ CRFI EXTS MANC PIGN SETC,30454.0,0.0,0.0,CSE,2025-06-13 00:00:00.0000000,2025-06-14 00:00:00.0000000
8503472,763986,PACIFIC SODA-100GX24-ONION-SP,ZI01,CN07,REL PCNF PRC BCRQ CRFI EXTS GMPS MANC*,23834.0,11235.0,14016.0,CSE,2025-06-09 00:00:00.0000000,2025-06-14 00:00:00.0000000
8503467,763993,PACIFIC SODA 100GX24 SEAWEED,ZI01,CN07,REL PRC BCRQ CRFI EXTS MANC PIGN SETC,15156.0,0.0,0.0,CSE,2025-06-14 00:00:00.0000000,2025-06-14 00:00:00.0000000
8503469,763996,PACIFIC SODA-100GX24-SESAME-SP,ZI01,CN07,REL PRC BCRQ CRFI EXTS MANC PIGN SETC,10940.0,0.0,0.0,CSE,2025-06-14 00:00:00.0000000,2025-06-14 00:00:00.0000000
8503432,788426,CA!-COOKIE-3KG-ORI-PP,ZI01,CN07,REL PCNF PRC BCRQ CRFI EXTS GMPS MANC*,1191.0,156.0,1848.0,CSE,2025-06-09 00:00:00.0000000,2025-06-14 00:00:00.0000000
8503487,788761,OCW VANILLA 3KG BULK PACK,ZI01,CN07,REL PRC CSER BCRQ EXTS MANC SETC,12856.0,0.0,0.0,CSE,2025-06-13 00:00:00.0000000,2025-06-15 00:00:00.0000000
8503488,788763,OCW STRAWBERRY 3KG BULK PACK,ZI01,CN07,REL PCNF PRC CSER BCRQ EXTS GMPS MANC*,16088.0,4417.0,6933.0,CSE,2025-06-09 00:00:00.0000000,2025-06-15 00:00:00.0000000
8503441,972001,OREO DF 3KG BLUE+RASEBERRY BULK,ZI01,CN07,REL PRC BCRQ CRFI EXTS MANC PIGN SETC,8972.0,0.0,0.0,CSE,2025-06-14 00:00:00.0000000,2025-06-14 00:00:00.0000000
8503447,972003,OREO ICECREAM 3KG MATCHA BULK,ZI01,CN07,REL PRC BCRQ CRFI EXTS MANC PIGN SETC,8087.0,0.0,0.0,CSE,2025-06-14 00:00:00.0000000,2025-06-14 00:00:00.0000000
8503440,4044009,OREO SDW DF 388G X12 - BB&RASPBER,ZI01,CN07,REL PRC BCRQ CRFI EXTS MANC PIGN SETC,728.0,0.0,0.0,CSE,2025-06-14 00:00:00.0000000,2025-06-14 00:00:00.0000000
8503436,4044012,OREO SDW BIRTHDAY CAKE 388G X12,ZI01,CN07,REL PCNF DLV PRC BCRQ CRFI EXTS GMPS*,482.0,493.0,200.208,CSE,2025-06-09 00:00:00.0000000,2025-06-14 00:00:00.0000000
8503445,4044015,OREO ICECREAM 97G X24 - MATCHA,ZI01,CN07,REL PRC BCRQ CRFI EXTS MANC PIGN SETC,29108.0,0.0,0.0,CSE,2025-06-14 00:00:00.0000000,2025-06-14 00:00:00.0000000
8503438,4044017,OREO SDW DF 97G X24 - BB&RASPBERR,ZI01,CN07,REL PRC BCRQ CRFI EXTS MANC PIGN SETC,56410.0,0.0,0.0,CSE,2025-06-13 00:00:00.0000000,2025-06-15 00:00:00.0000000
8503442,4044019,OREO SDW DF 97G X24 - GRAPE&PEACH,ZI01,CN07,REL PRC BCRQ CRFI EXTS MANC PIGN SETC,55721.0,0.0,0.0,CSE,2025-06-13 00:00:00.0000000,2025-06-15 00:00:00.0000000
8501953,4044020,OREO SDW BIRTHDAY CAKE 97G X24,ZI01,CN07,REL PCNF DLV PRC BCRQ CRFI EXTS GMPS*,34239.0,34239.0,73034.016,CSE,2025-06-08 00:00:00.0000000,2025-06-09 00:00:00.0000000
8503434,4044020,OREO SDW BIRTHDAY CAKE 97G X24,ZI01,CN07,REL PCNF PRC BCRQ CRFI EXTS GMPS MANC*,28215.0,24557.0,32701.416,CSE,2025-06-09 00:00:00.0000000,2025-06-14 00:00:00.0000000
8503446,4044025,OREO ICECREAM 194G X24 - MATCHA,ZI01,CN07,REL PRC BCRQ CRFI EXTS MANC PIGN SETC,1900.0,0.0,0.0,CSE,2025-06-14 00:00:00.0000000,2025-06-14 00:00:00.0000000
8503439,4044027,OREO SDW DF 194G X24 - BB&RASPBER,ZI01,CN07,REL PRC BCRQ CRFI EXTS MANC PIGN SETC,3828.0,0.0,0.0,CSE,2025-06-14 00:00:00.0000000,2025-06-14 00:00:00.0000000
8503443,4044029,OREO SDW DF 194G X24 - GRAPE&PEACH,ZI01,CN07,REL PRC BCRQ CRFI EXTS MANC PIGN SETC,2454.0,0.0,0.0,CSE,2025-06-14 00:00:00.0000000,2025-06-14 00:00:00.0000000
8503435,4044030,OREO SDW BIRTHDAY CAKE 194G X24,ZI01,CN07,REL PCNF PRC BCRQ CRFI EXTS GMPS MANC*,914.0,286.0,1145.376,CSE,2025-06-09 00:00:00.0000000,2025-06-14 00:00:00.0000000
8503458,4258800,OREO PEACH OLONG 97G,ZI01,CN07,REL PRC BCRQ CRFI EXTS MANC PIGN SETC,13523.0,0.0,0.0,CSE,2025-06-14 00:00:00.0000000,2025-06-14 00:00:00.0000000
8503459,4258804,OREO PEACH OLONG 194G,ZI01,CN07,REL PRC BCRQ CRFI EXTS MANC PIGN SETC,877.0,0.0,0.0,CSE,2025-06-14 00:00:00.0000000,2025-06-14 00:00:00.0000000
8503462,4258807,OREO SDW BULK PEACH OOLONG 3KG,ZI01,CN07,REL PRC BCRQ CRFI EXTS MANC PIGN SETC,7575.0,0.0,0.0,CSE,2025-06-14 00:00:00.0000000,2025-06-14 00:00:00.0000000
8503494,4259719,OREO CREAM WAFER 12GX16X24 STRAWBERRY,ZI01,CN07,REL PRC BCRQ EXTS MANC SETC,554.0,0.0,0.0,CSE,2025-06-14 00:00:00.0000000,2025-06-14 00:00:00.0000000
8503496,4259720,OREO CREAM WAFER 12GX6X24 STRAWBERRY,ZI01,CN07,REL PCNF PRC BCRQ EXTS GMPS MANC PDLV*,2120.0,1260.0,2177.28,CSE,2025-06-09 00:00:00.0000000,2025-06-14 00:00:00.0000000
8503493,4259721,OREO CREAM WAFER 12GX16X24 VANILLA,ZI01,CN07,REL PRC BCRQ EXTS MANC SETC,656.0,0.0,0.0,CSE,2025-06-14 00:00:00.0000000,2025-06-14 00:00:00.0000000
8503495,4259723,OREO CREAM WAFER 12GX6X24 VANILLA,ZI01,CN07,REL PRC BCRQ EXTS MANC SETC,3316.0,0.0,0.0,CSE,2025-06-14 00:00:00.0000000,2025-06-14 00:00:00.0000000
8503433,4262057,CA! BASE CHOCOLATE COOKIE 170GX24,ZI01,CN07,REL PCNF PRC BCRQ CRFI EXTS GMPS MANC*,2787.0,2232.0,3084.48,CSE,2025-06-09 00:00:00.0000000,2025-06-14 00:00:00.0000000
8503425,4262072,CA! CHUNKY CHOCOLATE COOKIE 288GX12,ZI01,CN07,REL PRC BCRQ CRFI EXTS MANC PIGN SETC,1956.0,0.0,0.0,CSE,2025-06-14 00:00:00.0000000,2025-06-14 00:00:00.0000000
8503426,4262077,CA! BASE CHOCOLATE COOKIE 340GX12,ZI01,CN07,REL PCNF PRC BCRQ CRFI EXTS GMPS MANC*,1832.0,1450.0,2513.28,CSE,2025-06-09 00:00:00.0000000,2025-06-14 00:00:00.0000000
8503393,4262079,CA! CHUNKY CHOCOLATE COOKIE 144G X 24,ZI01,CN07,REL PCNF PRC BCRQ EXTS GMPS MANC PDLV*,5171.0,4017.0,5795.712,CSE,2025-06-09 00:00:00.0000000,2025-06-14 00:00:00.0000000
8503430,4262079,CA! CHUNKY CHOCOLATE COOKIE 144G X 24,ZI01,CN07,REL PRC BCRQ CRFI EXTS MANC PIGN SETC,3007.0,0.0,0.0,CSE,2025-06-14 00:00:00.0000000,2025-06-14 00:00:00.0000000
8503431,4265536,CA! CHUNKY CHOCOLATE COOKIE 288GX12 HK,ZI01,CN07,REL PRC BCRQ CRFI EXTS MANC PIGN SETC,1050.0,0.0,0.0,CSE,2025-06-14 00:00:00.0000000,2025-06-14 00:00:00.0000000
8503477,4300191,SESAME SODA 12X400G-HK,ZI01,CN07,REL PRC BCRQ CRFI EXTS MANC PIGN SETC,1403.0,0.0,0.0,CSE,2025-06-14 00:00:00.0000000,2025-06-14 00:00:00.0000000
8503481,4300743,OREO COATED WAFER 5S-WITE CHO,ZI01,CN07,REL PRC BCRQ EXTS MANC SETC,1767.0,0.0,0.0,CSE,2025-06-10 00:00:00.0000000,2025-06-10 00:00:00.0000000
8503483,4300783,OREO COATED WAFER BULK-DARK CHOCOLATE,ZI01,CN07,REL PRC BCRQ EXTS MANC SETC,8157.0,0.0,0.0,CSE,2025-06-09 00:00:00.0000000,2025-06-09 00:00:00.0000000
8503480,4300785,OREO COATED WAFER 5S-DARK CHOCOLATE,ZI01,CN07,REL PRC BCRQ EXTS MANC SETC,1483.0,0.0,0.0,CSE,2025-06-09 00:00:00.0000000,2025-06-09 00:00:00.0000000
8503479,4300787,OREO COATED WAFER BULK-WHITE CHOCOLATE,ZI01,CN07,REL PRC BCRQ EXTS MANC SETC,11210.0,0.0,0.0,CSE,2025-06-10 00:00:00.0000000,2025-06-10 00:00:00.0000000
8503449,4305125,OREO SDW 97G X24 - STRAWBERRY,ZI01,CN07,REL PRC BCRQ CRFI EXTS MANC PIGN SETC,16461.0,0.0,0.0,CSE,2025-06-14 00:00:00.0000000,2025-06-14 00:00:00.0000000
8503460,4305142,OREO SDW 194G X24 STRAWBERRY,ZI01,CN07,REL PRC BCRQ CRFI EXTS MANC PIGN SETC,1852.0,0.0,0.0,CSE,2025-06-14 00:00:00.0000000,2025-06-14 00:00:00.0000000
8503478,4305834,PACIFIC SODA SALTINE 400GX12,ZI01,CN07,REL PRC BCRQ CRFI EXTS MANC PIGN SETC,1403.0,0.0,0.0,CSE,2025-06-14 00:00:00.0000000,2025-06-14 00:00:00.0000000
8503428,4306251,CHIPS AHOY CHUNKY COOKIE 72G X 24-HK,ZI01,CN07,REL PRC BCRQ CRFI EXTS MANC PIGN SETC,350.0,0.0,0.0,CSE,2025-06-14 00:00:00.0000000,2025-06-14 00:00:00.0000000
8503424,4306345,CA!-COOKIE-85GX24-ORI-SP,ZI01,CN07,REL PCNF PRC BCRQ CRFI EXTS GMPS MANC*,10557.0,6964.0,7344.0,CSE,2025-06-09 00:00:00.0000000,2025-06-14 00:00:00.0000000
8503421,4313936,CA! CFC CHOCOLATE NEW 96GX24,ZI01,CN07,REL PRC BCRQ EXTS MANC SETC,13009.0,0.0,0.0,CSE,2025-06-14 00:00:00.0000000,2025-06-14 00:00:00.0000000
8503392,4313938,CA! CFC MILK CRANBERRY NEW 96GX24,ZI01,CN07,REL PRC BCRQ EXTS MANC SETC,4737.0,0.0,0.0,CSE,2025-06-14 00:00:00.0000000,2025-06-14 00:00:00.0000000
8503420,4313950,CA! CFC MATCHA NEW 96GX24,ZI01,CN07,REL PRC BCRQ EXTS MANC SETC,4685.0,0.0,0.0,CSE,2025-06-14 00:00:00.0000000,2025-06-14 00:00:00.0000000
8503394,4313952,CA! CFC BUTTERY 96GX24,ZI01,CN07,REL PRC BCRQ EXTS MANC SETC,4583.0,0.0,0.0,CSE,2025-06-14 00:00:00.0000000,2025-06-14 00:00:00.0000000
8503485,4322532,OREO COATED WAFER 27+9S DARK CHOCO,ZI01,CN07,REL PRC CSER BCRQ EXTS MANC SETC,805.0,0.0,0.0,CSE,2025-06-09 00:00:00.0000000,2025-06-09 00:00:00.0000000
8503452,30000199,CREAM OREO SDW BLUEBERRY,ZI01,CN07,REL PRC BCRQ MACM SETC,26020.426,0.0,0.0,KG,2025-06-14 00:00:00.0000000,2025-06-14 00:00:00.0000000
8503455,30000200,CREAM OREO SDW RASPBERRY,ZI01,CN07,REL PRC BCRQ MACM SETC,26020.426,0.0,0.0,KG,2025-06-14 00:00:00.0000000,2025-06-14 00:00:00.0000000
8503453,30000414,CREAM OREO SDW GRAPE,ZI01,CN07,REL PRC BCRQ MACM SETC,27049.215,0.0,0.0,KG,2025-06-14 00:00:00.0000000,2025-06-14 00:00:00.0000000
8503454,30000415,CREAM OREO SDW PEACH,ZI01,CN07,REL PRC BCRQ MACM SETC,27049.215,0.0,0.0,KG,2025-06-14 00:00:00.0000000,2025-06-14 00:00:00.0000000
8503450,30000426,Cream Oreo Birthday Cake,ZI01,CN07,REL PCNF PRC BCRQ MACM SETC,27637.666,0.0,0.0,KG,2025-06-14 00:00:00.0000000,2025-06-14 00:00:00.0000000
8503427,30000869,BASE CAKE CA! Chunky,ZI01,CN07,REL PRC BCRQ MACM SETC,64161.36,0.0,0.0,KG,2025-06-13 00:00:00.0000000,2025-06-15 00:00:00.0000000
8503389,30000869,BASE CAKE CA! Chunky,ZI01,CN07,REL PRC BCRQ MACM SETC,43577.976,0.0,0.0,KG,2025-06-14 00:00:00.0000000,2025-06-15 00:00:00.0000000
8503461,30006154,CREAM OREO SANDWICH PEACH OOLONG,ZI01,CN07,REL PRC BCRQ MACM SETC,16904.058,0.0,0.0,KG,2025-06-14 00:00:00.0000000,2025-06-14 00:00:00.0000000
8503486,30014433,COATED WAFER WHITE CREAM,ZI01,CN07,REL PRC BCRQ MACM SETC,28597.825,0.0,0.0,KG,2025-06-14 00:00:00.0000000,2025-06-15 00:00:00.0000000
8503484,30014435,COATED WAFER WHITE SHEET,ZI01,CN07,REL PRC BCRQ MACM SETC,49604.235,0.0,0.0,KG,2025-06-13 00:00:00.0000000,2025-06-15 00:00:00.0000000
8503429,30018197,BASE CAKE CA！ ORI,ZI01,CN07,REL PCNF PRC BCRQ MACM SETC,43954.8,0.0,0.0,KG,2025-06-14 00:00:00.0000000,2025-06-15 00:00:00.0000000
8503398,30018199,BASE CA！CFC BUTTERY NEW,ZI01,CN07,REL PRC BCRQ MACM SETC,6797.407,0.0,0.0,KG,2025-06-14 00:00:00.0000000,2025-06-15 00:00:00.0000000
8503387,30018200,BASE CA！CFC MATCHA NEW,ZI01,CN07,REL PRC BCRQ MACM SETC,10716.625,0.0,0.0,KG,2025-06-14 00:00:00.0000000,2025-06-15 00:00:00.0000000
8503388,30018201,BASE CA！CFC CRANBERRY NEW,ZI01,CN07,REL PRC BCRQ MACM SETC,7081.718,0.0,0.0,KG,2025-06-14 00:00:00.0000000,2025-06-15 00:00:00.0000000
8503384,30018202,BASE CA！CFC CHOC NEW,ZI01,CN07,REL PRC BCRQ MACM SETC,22310.592,0.0,0.0,KG,2025-06-14 00:00:00.0000000,2025-06-15 00:00:00.0000000
8503397,30018210,CREAM CA！CFC BUTTERY NEW,ZI01,CN07,REL PRC BCRQ MACM SETC,4653.834,0.0,0.0,KG,2025-06-14 00:00:00.0000000,2025-06-15 00:00:00.0000000
8503383,30018211,CREAM CA！CFC MATCHA NEW,ZI01,CN07,REL PRC BCRQ MACM SETC,7630.671,0.0,0.0,KG,2025-06-14 00:00:00.0000000,2025-06-15 00:00:00.0000000
8503391,30018212,CREAM CA！CFC CRANBERRY NEW,ZI01,CN07,REL PRC BCRQ MACM SETC,4859.521,0.0,0.0,KG,2025-06-14 00:00:00.0000000,2025-06-15 00:00:00.0000000
8503399,30018213,CREAM CA！CFC CHOC NEW,ZI01,CN07,REL PRC BCRQ MACM SETC,15469.485,0.0,0.0,KG,2025-06-14 00:00:00.0000000,2025-06-15 00:00:00.0000000
8503390,30018531,BASE CA！CFC CHOC NEW +CREAM,ZI01,CN07,REL PRC BCRQ MACM SETC,34580.736,0.0,0.0,KG,2025-06-13 00:00:00.0000000,2025-06-15 00:00:00.0000000
8503396,30018532,BASE CA！CFC CRANBERRY NEW +CREAM,ZI01,CN07,REL PRC BCRQ MACM SETC,10920.96,0.0,0.0,KG,2025-06-14 00:00:00.0000000,2025-06-15 00:00:00.0000000
8503385,30018533,BASE CA！CFC BUTTERY NEW +CREAM,ZI01,CN07,REL PRC BCRQ MACM SETC,10550.016,0.0,0.0,KG,2025-06-14 00:00:00.0000000,2025-06-15 00:00:00.0000000
8503395,30018534,BASE CA！CFC MATCHA NEW +CREAM,ZI01,CN07,REL PRC BCRQ MACM SETC,16978.176,0.0,0.0,KG,2025-06-14 00:00:00.0000000,2025-06-15 00:00:00.0000000
8501069,30019597,MEAL OREO COATED WAFER MILK CHOCOLATE,ZI01,CN07,REL PCNF PRC BCRQ EXTS GMPS MANC PDLV*,20000.0,293.0,293.0,KG,2025-06-08 00:00:00.0000000,2025-06-29 00:00:00.0000000
8501065,30019598,MEAL OREO COATED WAFER(WHITE SHEET),ZI01,CN07,REL PCNF PRC BCRQ EXTS GMPS MANC PDLV*,20000.0,621.0,621.0,KG,2025-06-08 00:00:00.0000000,2025-06-29 00:00:00.0000000
8503482,30019603,COATED WAFER DARK CREAM,ZI01,CN07,REL PRC BCRQ EXTS MANC SETC,71102.947,0.0,0.0,KG,2025-06-13 00:00:00.0000000,2025-06-14 00:00:00.0000000
8503475,SC100213,BASE CAKE SODA BASE CAKE ONION,ZI01,CN07,REL PRC BCRQ MACM SETC,102582.0,0.0,0.0,KG,2025-06-13 00:00:00.0000000,2025-06-15 00:00:00.0000000
8503474,SC100214,BASE CAKE SODA SALTINE,ZI01,CN07,REL PRC BCRQ MACM SETC,126433.2,0.0,0.0,KG,2025-06-12 00:00:00.0000000,2025-06-15 00:00:00.0000000
8503473,SC100215,BASE CAKE SODA SEAWEED,ZI01,CN07,REL PRC BCRQ MACM SETC,54614.4,0.0,0.0,KG,2025-06-14 00:00:00.0000000,2025-06-15 00:00:00.0000000
8503476,SC100216,BASE CAKE SODA SESAME,ZI01,CN07,REL PRC BCRQ MACM SETC,48201.6,0.0,0.0,KG,2025-06-14 00:00:00.0000000,2025-06-15 00:00:00.0000000
8503457,SC100651,BASE CAKE OREO,ZI01,CN07,REL PCNF PRC BCRQ MACM SETC,484081.283,0.0,0.0,KG,2025-06-11 00:00:00.0000000,2025-06-15 00:00:00.0000000
8503456,SC101837,CREAM OREO SANDWICH STRAWBERRY,ZI01,CN07,REL PRC BCRQ MACM SETC,17789.795,0.0,0.0,KG,2025-06-14 00:00:00.0000000,2025-06-15 00:00:00.0000000
8503489,SC101849,CREAM OREO CREAM WAFER VANILLA,ZI01,CN07,REL PRC BCRQ MACM SETC,15663.217,0.0,0.0,KG,2025-06-14 00:00:00.0000000,2025-06-15 00:00:00.0000000
8503490,SC101850,CREAM OREO CREAM WAFER STRAWBERRY,ZI01,CN07,REL PCNF PRC BCRQ MACM SETC,18032.944,0.0,0.0,KG,2025-06-14 00:00:00.0000000,2025-06-15 00:00:00.0000000
8503451,SC101852,CREAM OREO ICECREAM MATCHA,ZI01,CN07,REL PRC BCRQ MACM SETC,29252.539,0.0,0.0,KG,2025-06-14 00:00:00.0000000,2025-06-15 00:00:00.0000000
8503492,SC101853,OVEN-OFW-SHEET-COOKIE,ZI01,CN07,REL PCNF PRC BCRQ MACM SETC,27384.493,0.0,0.0,KG,2025-06-13 00:00:00.0000000,2025-06-15 00:00:00.0000000
8503491,SC101854,CREAM OREO CREAM WAFER DARK,ZI01,CN07,REL PCNF PRC BCRQ MACM SETC,40720.435,0.0,0.0,KG,2025-06-13 00:00:00.0000000,2025-06-15 00:00:00.0000000
